MIN,FGM,FGA,FG_PCT,FG3M,FG3A,FG3_PCT,FTM,FTA,FT_PCT,REB,AST,TOV,STL,BLK,PTS
13.083333333333334,1,1,1.0,0,0,0.0,0,1,0.0,2,0,2,0,0,2
33.51166666666666,8,11,0.727,0,0,0.0,5,11,0.455,13,5,2,2,1,21
12.283333333333333,3,3,1.0,0,0,0.0,0,3,0.0,6,1,1,0,0,6
12.25,0,0,0.0,0,0,0.0,1,2,0.5,1,1,1,0,0,1
