MIN,FGM,FGA,FG_PCT,FG3M,FG3A,FG3_PCT,FTM,FTA,FT_PCT,REB,AST,TOV,STL,BLK,PTS
22.366666666666667,4,14,0.286,3,8,0.375,5,5,1.0,6,6,0,0,0,16
39.3,5,15,0.333,2,6,0.333,6,6,1.0,2,13,2,1,0,18
32.2,5,16,0.313,1,4,0.25,3,5,0.6,6,6,3,1,1,14
36.916666666666664,7,19,0.368,3,7,0.429,1,2,0.5,3,14,3,0,2,18
29.916666666666668,9,14,0.643,1,1,1.0,0,0,0.0,2,8,4,0,0,19
33.905,7,17,0.412,4,9,0.444,4,4,1.0,1,5,3,0,1,22
34.23833333333334,8,13,0.615,3,5,0.6,2,2,1.0,2,6,1,0,1,21
