MIN,FGM,FGA,FG_PCT,FG3M,FG3A,FG3_PCT,FTM,FTA,FT_PCT,REB,AST,TOV,STL,BLK,PTS
11.9,0,1,0.0,0,0,0.0,0,0,0.0,3,0,0,0,0,0
25.485,6,8,0.75,3,5,0.6,0,0,0.0,2,5,0,1,0,15
26.575,4,7,0.571,3,5,0.6,0,0,0.0,3,4,0,2,0,11
33.68333333333333,5,8,0.625,2,4,0.5,0,0,0.0,6,1,3,1,0,12
27.45,2,5,0.4,1,4,0.25,0,0,0.0,2,3,0,1,0,5
12.733333333333333,1,2,0.5,1,2,0.5,0,0,0.0,0,0,0,1,0,3
17.35,2,3,0.667,2,3,0.667,0,0,0.0,1,1,0,0,0,6
